code,system
G30yz00,readv2
G30y.00,readv2
G353.00,readv2
G30..17,readv2
G32..00,readv2
323Z.00,readv2
G32..11,readv2
14A4.00,readv2
323..00,readv2
14AH.00,readv2
14A3.00,readv2
I252,readv2
G35X.00,readv2
Gyu3400,readv2
G38z.00,readv2
G30X.00,readv2
G30..15,readv2
G301000,readv2
G307000,readv2
G30..00,readv2
G309.00,readv2
G30z.00,readv2
889A.00,readv2
I21,readv2
G304.00,readv2
G306.00,readv2
3234,readv2
G501.00,readv2
G303.00,readv2
G33z500,readv2
G350.00,readv2
G301z00,readv2
G380.00,readv2
G30y000,readv2
3236,readv2
G30B.00,readv2
G305.00,readv2
G300.00,readv2
G302.00,readv2
G30..12,readv2
G30..16,readv2
G310.00,readv2
G365.00,readv2
G366.00,readv2
G362.00,readv2
G364.00,readv2
G363.00,readv2
G36..00,readv2
G30..13,readv2
I23,readv2
G384.00,readv2
G307.00,readv2
3235,readv2
G310.11,readv2
I241,readv2
G31y100,readv2
G38..00,readv2
G30..11,readv2
G30..14,readv2
G30X000,readv2
G307100,readv2
G30y200,readv2
G361.00,readv2
G301100,readv2
3233,readv2
G381.00,readv2
G308.00,readv2
G351.00,readv2
G32..12,readv2
9555,readv2
4017,readv2
16408,readv2
35674,readv2
23579,readv2
17464,readv2
50372,readv2
40399,readv2
G35..00,readv2
46166,readv2
38609,readv2
45809,readv2
72562,readv2
18842,readv2
I22,readv2
G30A.00,readv2
G30y100,readv2
G360.00,readv2
G301.00,readv2
9507,readv2
59032,readv2
32272,readv2
63467,readv2
55401,readv2
52705,readv2
26972,readv2
32854,readv2
41221,readv2
40429,readv2
68357,readv2
1677,readv2
34803,readv2
12139,readv2
46017,readv2
17872,readv2
46112,readv2
23892,readv2
46276,readv2
13571,readv2
28736,readv2
62626,readv2
29643,readv2
8935,readv2
68748,readv2
30330,readv2
2491,readv2
1678,readv2
7783,readv2
96838,readv2
3704,readv2
26975,readv2
30421,readv2
14897,readv2
241,readv2
14898,readv2
61670,readv2
14658,readv2
41835,readv2
29758,readv2
5387,readv2
59189,readv2
36423,readv2
69474,readv2
24126,readv2
15661,readv2
23708,readv2
35119,readv2
37657,readv2
59940,readv2
29553,readv2
1204,readv2
17689,readv2
13566,readv2
17133,readv2
10562,readv2
12229,readv2